{"report": {"environment": {}, "tests": [], "summary": {"num_tests": 0, "duration": 0.2685675621032715}, "created_at": "2019-06-05 16:32:29.257102"}}